<?xml version="1.0" encoding="UTF-8"?><rss version="2.0"
	xmlns:content="http://purl.org/rss/1.0/modules/content/"
	xmlns:dc="http://purl.org/dc/elements/1.1/"
	xmlns:atom="http://www.w3.org/2005/Atom"
	xmlns:sy="http://purl.org/rss/1.0/modules/syndication/"
	
	>
<channel>
	<title>
	Comments on: Crafting Captivating Headlines: Your awesome post title goes here	</title>
	<atom:link href="/post-1/feed/" rel="self" type="application/rss+xml" />
	<link>/post-1/</link>
	<description></description>
	<lastBuildDate>Mon, 26 Aug 2024 02:41:22 +0000</lastBuildDate>
	<sy:updatePeriod>
	hourly	</sy:updatePeriod>
	<sy:updateFrequency>
	1	</sy:updateFrequency>
	<generator>https://wordpress.org/?v=6.5.3</generator>
</channel>
</rss>
